{
  "max_height": [
    4,
    8,
    8,
    8,
    8,
    8,
    8,
    1
  ],
  "due_dates": [
    1763.023,
    1498.862,
    1719.435,
    2238.38,
    1651.617,
    1383.306,
    2103.301,
    1223.335,
    1602.359,
    1229.018,
    1088.704,
    926.9,
    1145.419,
    1174.326,
    1032.373,
    1248.193,
    1183.651,
    830.072,
    1085.554,
    975.174,
    1152.786,
    937.128,
    1222.048,
    691.321,
    345.211,
    964.348,
    574.857,
    551.001,
    1682.338,
    667.677,
    1192.672,
    1079.269,
    271.819,
    483.651,
    557.914,
    1026.718,
    1829763
  ],
  "handover_time": 2,
  "horizontal_speed": 0.3333333333333333,
  "vertical_speed": 0.3333333333333333,
  "crane_height": 9,
  "handover_stack": 7,
  "initial_stacks": [
    [
      36
    ],
    [
      35,
      34,
      11,
      7,
      4
    ],
    [
      29,
      27,
      17,
      16,
      13,
      8,
      1
    ],
    [
      22,
      15,
      0
    ],
    [
      32,
      28,
      25,
      24,
      20,
      18,
      10,
      3
    ],
    [
      33,
      23,
      19,
      14,
      5
    ],
    [
      31,
      30,
      26,
      21,
      12,
      9,
      6,
      2
    ],
    []
  ]
}