{
  "max_height": [
    4,
    8,
    8,
    8,
    8,
    8,
    8,
    1
  ],
  "due_dates": [
    1861.729,
    1597.068,
    1819.017,
    2334.259,
    1751.965,
    1483.624,
    2200.355,
    1324.011,
    1704.164,
    1330.907,
    1190.306,
    1027.385,
    1248.714,
    1278.34,
    1136.383,
    1353.208,
    1289.11,
    934.878,
    1191.847,
    1081.808,
    1259.65,
    1044.671,
    1328.988,
    799.192,
    450.198,
    1073.316,
    684.007,
    660.63,
    99.959,
    778.667,
    1300.367,
    1188.253,
    382.789,
    596.327,
    671.0,
    1136.146,
    489.331,
    1051.824,
    1651648
  ],
  "handover_time": 2,
  "horizontal_speed": 0.3333333333333333,
  "vertical_speed": 0.3333333333333333,
  "crane_height": 9,
  "handover_stack": 7,
  "initial_stacks": [
    [
      38
    ],
    [
      35,
      34,
      11,
      7,
      4
    ],
    [
      36,
      29,
      27,
      17,
      16,
      13,
      8,
      1
    ],
    [
      37,
      22,
      15,
      0
    ],
    [
      32,
      28,
      25,
      24,
      20,
      18,
      10,
      3
    ],
    [
      33,
      23,
      19,
      14,
      5
    ],
    [
      31,
      30,
      26,
      21,
      12,
      9,
      6,
      2
    ],
    []
  ]
}