{
  "max_height": [
    4,
    8,
    8,
    8,
    8,
    8,
    8,
    1
  ],
  "due_dates": [
    1652.191,
    1388.99,
    1608.112,
    2131.992,
    1539.899,
    1271.972,
    1996.325,
    1112.18,
    1490.04,
    1116.912,
    977.278,
    817.173,
    1032.463,
    1060.77,
    919.137,
    1133.969,
    1069.179,
    716.753,
    970.63,
    860.129,
    1037.734,
    821.558,
    1107.507,
    575.968,
    233.794,
    848.192,
    458.835,
    434.685,
    1465.237,
    550.236,
    1079.639,
    964.92,
    155.36,
    365.333,
    1544676
  ],
  "handover_time": 2,
  "horizontal_speed": 0.3333333333333333,
  "vertical_speed": 0.3333333333333333,
  "crane_height": 9,
  "handover_stack": 7,
  "initial_stacks": [
    [
      34
    ],
    [
      11,
      7,
      4
    ],
    [
      29,
      27,
      17,
      16,
      13,
      8,
      1
    ],
    [
      22,
      15,
      0
    ],
    [
      32,
      28,
      25,
      24,
      20,
      18,
      10,
      3
    ],
    [
      33,
      23,
      19,
      14,
      5
    ],
    [
      31,
      30,
      26,
      21,
      12,
      9,
      6,
      2
    ],
    []
  ]
}